"Plugin","Plugin Name","IP Address","MAC Address","Repository","DNS Name","NetBIOS Name"
"21745","Authentication Failure - Local Checks Not Run","10.202.52.102","","il.champaign-0082.cerl.erdc - v4","",""
"104410","Target Credential Status by Authentication Protocol - Failure for Provided Credentials","10.202.52.102","","il.champaign-0082.cerl.erdc - v4","",""
"21745","Authentication Failure - Local Checks Not Run","10.202.52.103","","il.champaign-0082.cerl.erdc - v4","",""
"104410","Target Credential Status by Authentication Protocol - Failure for Provided Credentials","10.202.52.103","","il.champaign-0082.cerl.erdc - v4","",""
"21745","Authentication Failure - Local Checks Not Run","10.202.52.104","","il.champaign-0082.cerl.erdc - v4","",""
"104410","Target Credential Status by Authentication Protocol - Failure for Provided Credentials","10.202.52.104","","il.champaign-0082.cerl.erdc - v4","",""
"21745","Authentication Failure - Local Checks Not Run","129.229.26.83","","il.champaign-0082.cerl.erdc - v4","cerrrb-wn-t1396.erdc.dren.mil",""
"104410","Target Credential Status by Authentication Protocol - Failure for Provided Credentials","129.229.26.83","","il.champaign-0082.cerl.erdc - v4","cerrrb-wn-t1396.erdc.dren.mil",""
"102094","SSH Commands Require Privilege Escalation","129.229.51.20","02:42:97:73:4a:03","il.champaign-0082.cerl.erdc - v4","","WORKGROUP\MRSIPRDWEB1"
"104410","Target Credential Status by Authentication Protocol - Failure for Provided Credentials","129.229.51.20","02:42:97:73:4a:03","il.champaign-0082.cerl.erdc - v4","","WORKGROUP\MRSIPRDWEB1"
"110385","Target Credential Issues by Authentication Protocol - Insufficient Privilege","129.229.51.20","02:42:97:73:4a:03","il.champaign-0082.cerl.erdc - v4","","WORKGROUP\MRSIPRDWEB1"
"104410","Target Credential Status by Authentication Protocol - Failure for Provided Credentials","129.229.51.151","00:0c:29:cf:c8:25","il.champaign-0082.cerl.erdc - v4","","SMS\SMSPRDAPP4"
"21745","Authentication Failure - Local Checks Not Run","129.229.51.236","","il.champaign-0082.cerl.erdc - v4","",""
"104410","Target Credential Status by Authentication Protocol - Failure for Provided Credentials","129.229.51.236","","il.champaign-0082.cerl.erdc - v4","",""
"102094","SSH Commands Require Privilege Escalation","129.229.51.238","00:0c:29:1f:cb:de","il.champaign-0082.cerl.erdc - v4","",""
"110385","Target Credential Issues by Authentication Protocol - Insufficient Privilege","129.229.51.238","00:0c:29:1f:cb:de","il.champaign-0082.cerl.erdc - v4","",""
"102094","SSH Commands Require Privilege Escalation","129.229.112.45","06:83:e7:b0:18:ab","il.champaign-0082.cerl.erdc - v4","","UNKNOWN\CRLRED-MN-R6061"
"110385","Target Credential Issues by Authentication Protocol - Insufficient Privilege","129.229.112.45","06:83:e7:b0:18:ab","il.champaign-0082.cerl.erdc - v4","","UNKNOWN\CRLRED-MN-R6061"
"102094","SSH Commands Require Privilege Escalation","129.229.112.50","32:79:3c:7b:88:57","il.champaign-0082.cerl.erdc - v4","",""
"110385","Target Credential Issues by Authentication Protocol - Insufficient Privilege","129.229.112.50","32:79:3c:7b:88:57","il.champaign-0082.cerl.erdc - v4","",""
"102094","SSH Commands Require Privilege Escalation","129.229.112.74","ff:7f:00:00:a0:9d","il.champaign-0082.cerl.erdc - v4","","UNKNOWN\ITLJTD-MN-2264H"
"110385","Target Credential Issues by Authentication Protocol - Insufficient Privilege","129.229.112.74","ff:7f:00:00:a0:9d","il.champaign-0082.cerl.erdc - v4","","UNKNOWN\ITLJTD-MN-2264H"
"102094","SSH Commands Require Privilege Escalation","129.229.112.82","82:17:02:23:f4:01","il.champaign-0082.cerl.erdc - v4","","UNKNOWN\CERSDC-MN-3864F"
"110385","Target Credential Issues by Authentication Protocol - Insufficient Privilege","129.229.112.82","82:17:02:23:f4:01","il.champaign-0082.cerl.erdc - v4","","UNKNOWN\CERSDC-MN-3864F"
"21745","Authentication Failure - Local Checks Not Run","129.229.255.113","","il.champaign-0082.cerl.erdc - v4","",""
"104410","Target Credential Status by Authentication Protocol - Failure for Provided Credentials","129.229.255.113","","il.champaign-0082.cerl.erdc - v4","",""
"102094","SSH Commands Require Privilege Escalation","10.200.23.85","00:50:56:9c:e9:54","ms.vicksburg-0012.erdc.usace - v4","rdedrivepub.erdc.dren.mil",""
"110385","Target Credential Issues by Authentication Protocol - Insufficient Privilege","10.200.23.85","00:50:56:9c:e9:54","ms.vicksburg-0012.erdc.usace - v4","rdedrivepub.erdc.dren.mil",""
"110385","Target Credential Issues by Authentication Protocol - Insufficient Privilege","10.200.23.93","00:50:56:99:a3:48","ms.vicksburg-0012.erdc.usace - v4","","ERDC-PUB\AGC-AIP"
"104410","Target Credential Status by Authentication Protocol - Failure for Provided Credentials","10.200.24.124","00:50:56:96:9e:22","ms.vicksburg-0012.erdc.usace - v4","","ERDC-DMZ\CHL-DATAC-PI01"
"102094","SSH Commands Require Privilege Escalation","10.200.26.16","00:50:56:96:42:36","ms.vicksburg-0012.erdc.usace - v4","listbuilder-db.erdc.dren.mil",""
"110385","Target Credential Issues by Authentication Protocol - Insufficient Privilege","10.200.26.16","00:50:56:96:42:36","ms.vicksburg-0012.erdc.usace - v4","listbuilder-db.erdc.dren.mil",""
"21745","Authentication Failure - Local Checks Not Run","10.200.26.42","","ms.vicksburg-0012.erdc.usace - v4","","MBPS\MBPS-SQL-DMZPUB"
"104410","Target Credential Status by Authentication Protocol - Failure for Provided Credentials","10.200.26.42","","ms.vicksburg-0012.erdc.usace - v4","","MBPS\MBPS-SQL-DMZPUB"
"102094","SSH Commands Require Privilege Escalation","10.200.26.65","00:50:56:99:c8:93","ms.vicksburg-0012.erdc.usace - v4","erdclib-db.erdc.dren.mil",""
"110385","Target Credential Issues by Authentication Protocol - Insufficient Privilege","10.200.26.65","00:50:56:99:c8:93","ms.vicksburg-0012.erdc.usace - v4","erdclib-db.erdc.dren.mil",""
"102094","SSH Commands Require Privilege Escalation","10.200.27.9","52:54:00:69:00:5a","ms.vicksburg-0012.erdc.usace - v4","dstat-db1.erdc.dren.mil",""
"110385","Target Credential Issues by Authentication Protocol - Insufficient Privilege","10.200.27.9","52:54:00:69:00:5a","ms.vicksburg-0012.erdc.usace - v4","dstat-db1.erdc.dren.mil",""
"102094","SSH Commands Require Privilege Escalation","10.200.27.12","00:50:56:96:88:33","ms.vicksburg-0012.erdc.usace - v4","ms-db1ext.erdc.dren.mil",""
"110385","Target Credential Issues by Authentication Protocol - Insufficient Privilege","10.200.27.12","00:50:56:96:88:33","ms.vicksburg-0012.erdc.usace - v4","ms-db1ext.erdc.dren.mil",""
"102094","SSH Commands Require Privilege Escalation","10.200.27.21","00:50:56:99:c8:25","ms.vicksburg-0012.erdc.usace - v4","cesat-testing-db.erdc.dren.mil",""
"110385","Target Credential Issues by Authentication Protocol - Insufficient Privilege","10.200.27.21","00:50:56:99:c8:25","ms.vicksburg-0012.erdc.usace - v4","cesat-testing-db.erdc.dren.mil",""
"102094","SSH Commands Require Privilege Escalation","10.200.27.22","00:50:56:99:75:a7","ms.vicksburg-0012.erdc.usace - v4","cesat-training-db.erdc.dren.mil",""
"110385","Target Credential Issues by Authentication Protocol - Insufficient Privilege","10.200.27.22","00:50:56:99:75:a7","ms.vicksburg-0012.erdc.usace - v4","cesat-training-db.erdc.dren.mil",""
"102094","SSH Commands Require Privilege Escalation","10.200.27.55","00:50:56:99:5c:2e","ms.vicksburg-0012.erdc.usace - v4","cesat-db-prod.erdc.dren.mil",""
"110385","Target Credential Issues by Authentication Protocol - Insufficient Privilege","10.200.27.55","00:50:56:99:5c:2e","ms.vicksburg-0012.erdc.usace - v4","cesat-db-prod.erdc.dren.mil",""
"102094","SSH Commands Require Privilege Escalation","10.200.27.98","00:50:56:96:5e:9e","ms.vicksburg-0012.erdc.usace - v4","epas-dev-db.erdc.dren.mil",""
"110385","Target Credential Issues by Authentication Protocol - Insufficient Privilege","10.200.27.98","00:50:56:96:5e:9e","ms.vicksburg-0012.erdc.usace - v4","epas-dev-db.erdc.dren.mil",""
"21745","Authentication Failure - Local Checks Not Run","10.200.51.80","","ms.vicksburg-0012.erdc.usace - v4","",""
"104410","Target Credential Status by Authentication Protocol - Failure for Provided Credentials","10.200.51.80","","ms.vicksburg-0012.erdc.usace - v4","",""
"21745","Authentication Failure - Local Checks Not Run","10.200.51.81","","ms.vicksburg-0012.erdc.usace - v4","",""
"104410","Target Credential Status by Authentication Protocol - Failure for Provided Credentials","10.200.51.81","","ms.vicksburg-0012.erdc.usace - v4","",""
"21745","Authentication Failure - Local Checks Not Run","10.200.51.83","","ms.vicksburg-0012.erdc.usace - v4","",""
"104410","Target Credential Status by Authentication Protocol - Failure for Provided Credentials","10.200.51.83","","ms.vicksburg-0012.erdc.usace - v4","",""
"21745","Authentication Failure - Local Checks Not Run","10.200.51.188","","ms.vicksburg-0012.erdc.usace - v4","ilo2m203708hy.erdc.dren.mil","UNKNOWN\ILO2M203708HY"
"104410","Target Credential Status by Authentication Protocol - Failure for Provided Credentials","10.200.51.188","","ms.vicksburg-0012.erdc.usace - v4","ilo2m203708hy.erdc.dren.mil","UNKNOWN\ILO2M203708HY"
"21745","Authentication Failure - Local Checks Not Run","10.200.51.189","","ms.vicksburg-0012.erdc.usace - v4","ilo2m203708hz.erdc.dren.mil","UNKNOWN\ILO2M203708HZ"
"104410","Target Credential Status by Authentication Protocol - Failure for Provided Credentials","10.200.51.189","","ms.vicksburg-0012.erdc.usace - v4","ilo2m203708hz.erdc.dren.mil","UNKNOWN\ILO2M203708HZ"
"21745","Authentication Failure - Local Checks Not Run","10.200.54.10","","ms.vicksburg-0012.erdc.usace - v4","","ERDC\DATA"
"104410","Target Credential Status by Authentication Protocol - Failure for Provided Credentials","10.200.54.10","","ms.vicksburg-0012.erdc.usace - v4","","ERDC\DATA"
"117885","Target Credential Issues by Authentication Protocol - Intermittent Authentication Failure","10.200.54.10","","ms.vicksburg-0012.erdc.usace - v4","","ERDC\DATA"
"21745","Authentication Failure - Local Checks Not Run","10.200.54.11","","ms.vicksburg-0012.erdc.usace - v4","","ERDC\DATA"
"104410","Target Credential Status by Authentication Protocol - Failure for Provided Credentials","10.200.54.11","","ms.vicksburg-0012.erdc.usace - v4","","ERDC\DATA"
"117885","Target Credential Issues by Authentication Protocol - Intermittent Authentication Failure","10.200.54.11","","ms.vicksburg-0012.erdc.usace - v4","","ERDC\DATA"
"21745","Authentication Failure - Local Checks Not Run","10.200.54.12","","ms.vicksburg-0012.erdc.usace - v4","","ERDC\DATA"
"104410","Target Credential Status by Authentication Protocol - Failure for Provided Credentials","10.200.54.12","","ms.vicksburg-0012.erdc.usace - v4","","ERDC\DATA"
"117885","Target Credential Issues by Authentication Protocol - Intermittent Authentication Failure","10.200.54.12","","ms.vicksburg-0012.erdc.usace - v4","","ERDC\DATA"
"21745","Authentication Failure - Local Checks Not Run","10.200.54.13","","ms.vicksburg-0012.erdc.usace - v4","","ERDC\DATA"
"104410","Target Credential Status by Authentication Protocol - Failure for Provided Credentials","10.200.54.13","","ms.vicksburg-0012.erdc.usace - v4","","ERDC\DATA"
"117885","Target Credential Issues by Authentication Protocol - Intermittent Authentication Failure","10.200.54.13","","ms.vicksburg-0012.erdc.usace - v4","","ERDC\DATA"
"21745","Authentication Failure - Local Checks Not Run","10.200.54.14","","ms.vicksburg-0012.erdc.usace - v4","","ERDC\DATA"
"104410","Target Credential Status by Authentication Protocol - Failure for Provided Credentials","10.200.54.14","","ms.vicksburg-0012.erdc.usace - v4","","ERDC\DATA"
"117885","Target Credential Issues by Authentication Protocol - Intermittent Authentication Failure","10.200.54.14","","ms.vicksburg-0012.erdc.usace - v4","","ERDC\DATA"
"21745","Authentication Failure - Local Checks Not Run","10.200.54.15","","ms.vicksburg-0012.erdc.usace - v4","","ERDC\DATA"
"104410","Target Credential Status by Authentication Protocol - Failure for Provided Credentials","10.200.54.15","","ms.vicksburg-0012.erdc.usace - v4","","ERDC\DATA"
"117885","Target Credential Issues by Authentication Protocol - Intermittent Authentication Failure","10.200.54.15","","ms.vicksburg-0012.erdc.usace - v4","","ERDC\DATA"
"21745","Authentication Failure - Local Checks Not Run","10.200.54.16","","ms.vicksburg-0012.erdc.usace - v4","","ERDC\DATA"
"104410","Target Credential Status by Authentication Protocol - Failure for Provided Credentials","10.200.54.16","","ms.vicksburg-0012.erdc.usace - v4","","ERDC\DATA"
"117885","Target Credential Issues by Authentication Protocol - Intermittent Authentication Failure","10.200.54.16","","ms.vicksburg-0012.erdc.usace - v4","","ERDC\DATA"
"21745","Authentication Failure - Local Checks Not Run","10.200.56.240","","ms.vicksburg-0012.erdc.usace - v4","oslogs.erdc.dren.mil",""
"102094","SSH Commands Require Privilege Escalation","10.200.56.240","","ms.vicksburg-0012.erdc.usace - v4","oslogs.erdc.dren.mil",""
"104410","Target Credential Status by Authentication Protocol - Failure for Provided Credentials","10.200.56.240","","ms.vicksburg-0012.erdc.usace - v4","oslogs.erdc.dren.mil",""
"21745","Authentication Failure - Local Checks Not Run","10.200.57.18","","ms.vicksburg-0012.erdc.usace - v4","",""
"104410","Target Credential Status by Authentication Protocol - Failure for Provided Credentials","10.200.57.18","","ms.vicksburg-0012.erdc.usace - v4","",""
"21745","Authentication Failure - Local Checks Not Run","10.200.57.19","","ms.vicksburg-0012.erdc.usace - v4","",""
"104410","Target Credential Status by Authentication Protocol - Failure for Provided Credentials","10.200.57.19","","ms.vicksburg-0012.erdc.usace - v4","",""
"21745","Authentication Failure - Local Checks Not Run","10.200.58.33","","ms.vicksburg-0012.erdc.usace - v4","",""
"102094","SSH Commands Require Privilege Escalation","10.200.58.33","","ms.vicksburg-0012.erdc.usace - v4","",""
"110385","Target Credential Issues by Authentication Protocol - Insufficient Privilege","10.200.58.33","","ms.vicksburg-0012.erdc.usace - v4","",""
"110723","Target Credential Status by Authentication Protocol - No Credentials Provided","10.200.58.33","","ms.vicksburg-0012.erdc.usace - v4","",""
"21745","Authentication Failure - Local Checks Not Run","10.200.58.38","","ms.vicksburg-0012.erdc.usace - v4","",""
"102094","SSH Commands Require Privilege Escalation","10.200.58.38","","ms.vicksburg-0012.erdc.usace - v4","",""
"110385","Target Credential Issues by Authentication Protocol - Insufficient Privilege","10.200.58.38","","ms.vicksburg-0012.erdc.usace - v4","",""
"110723","Target Credential Status by Authentication Protocol - No Credentials Provided","10.200.58.38","","ms.vicksburg-0012.erdc.usace - v4","",""
"21745","Authentication Failure - Local Checks Not Run","10.200.58.39","","ms.vicksburg-0012.erdc.usace - v4","splat.erdc.dren.mil",""
"102094","SSH Commands Require Privilege Escalation","10.200.58.39","","ms.vicksburg-0012.erdc.usace - v4","splat.erdc.dren.mil",""
"110385","Target Credential Issues by Authentication Protocol - Insufficient Privilege","10.200.58.39","","ms.vicksburg-0012.erdc.usace - v4","splat.erdc.dren.mil",""
"110723","Target Credential Status by Authentication Protocol - No Credentials Provided","10.200.58.39","","ms.vicksburg-0012.erdc.usace - v4","splat.erdc.dren.mil",""
"21745","Authentication Failure - Local Checks Not Run","10.200.58.42","","ms.vicksburg-0012.erdc.usace - v4","vane-dev.erdc.dren.mil",""
"102094","SSH Commands Require Privilege Escalation","10.200.58.42","","ms.vicksburg-0012.erdc.usace - v4","vane-dev.erdc.dren.mil",""
"110385","Target Credential Issues by Authentication Protocol - Insufficient Privilege","10.200.58.42","","ms.vicksburg-0012.erdc.usace - v4","vane-dev.erdc.dren.mil",""
"110723","Target Credential Status by Authentication Protocol - No Credentials Provided","10.200.58.42","","ms.vicksburg-0012.erdc.usace - v4","vane-dev.erdc.dren.mil",""
"21745","Authentication Failure - Local Checks Not Run","10.200.58.46","","ms.vicksburg-0012.erdc.usace - v4","",""
"102094","SSH Commands Require Privilege Escalation","10.200.58.46","","ms.vicksburg-0012.erdc.usace - v4","",""
"110385","Target Credential Issues by Authentication Protocol - Insufficient Privilege","10.200.58.46","","ms.vicksburg-0012.erdc.usace - v4","",""
"110723","Target Credential Status by Authentication Protocol - No Credentials Provided","10.200.58.46","","ms.vicksburg-0012.erdc.usace - v4","",""
"21745","Authentication Failure - Local Checks Not Run","10.200.58.52","","ms.vicksburg-0012.erdc.usace - v4","",""
"102094","SSH Commands Require Privilege Escalation","10.200.58.52","","ms.vicksburg-0012.erdc.usace - v4","",""
"110385","Target Credential Issues by Authentication Protocol - Insufficient Privilege","10.200.58.52","","ms.vicksburg-0012.erdc.usace - v4","",""
"110723","Target Credential Status by Authentication Protocol - No Credentials Provided","10.200.58.52","","ms.vicksburg-0012.erdc.usace - v4","",""
"21745","Authentication Failure - Local Checks Not Run","10.200.58.53","","ms.vicksburg-0012.erdc.usace - v4","",""
"102094","SSH Commands Require Privilege Escalation","10.200.58.53","","ms.vicksburg-0012.erdc.usace - v4","",""
"110385","Target Credential Issues by Authentication Protocol - Insufficient Privilege","10.200.58.53","","ms.vicksburg-0012.erdc.usace - v4","",""
"110723","Target Credential Status by Authentication Protocol - No Credentials Provided","10.200.58.53","","ms.vicksburg-0012.erdc.usace - v4","",""
"21745","Authentication Failure - Local Checks Not Run","10.200.58.58","","ms.vicksburg-0012.erdc.usace - v4","",""
"102094","SSH Commands Require Privilege Escalation","10.200.58.58","","ms.vicksburg-0012.erdc.usace - v4","",""
"110385","Target Credential Issues by Authentication Protocol - Insufficient Privilege","10.200.58.58","","ms.vicksburg-0012.erdc.usace - v4","",""
"110723","Target Credential Status by Authentication Protocol - No Credentials Provided","10.200.58.58","","ms.vicksburg-0012.erdc.usace - v4","",""
"21745","Authentication Failure - Local Checks Not Run","10.200.58.73","","ms.vicksburg-0012.erdc.usace - v4","sonarqube.erdc.dren.mil",""
"102094","SSH Commands Require Privilege Escalation","10.200.58.73","","ms.vicksburg-0012.erdc.usace - v4","sonarqube.erdc.dren.mil",""
"110385","Target Credential Issues by Authentication Protocol - Insufficient Privilege","10.200.58.73","","ms.vicksburg-0012.erdc.usace - v4","sonarqube.erdc.dren.mil",""
"110723","Target Credential Status by Authentication Protocol - No Credentials Provided","10.200.58.73","","ms.vicksburg-0012.erdc.usace - v4","sonarqube.erdc.dren.mil",""
"21745","Authentication Failure - Local Checks Not Run","10.200.58.80","","ms.vicksburg-0012.erdc.usace - v4","",""
"102094","SSH Commands Require Privilege Escalation","10.200.58.80","","ms.vicksburg-0012.erdc.usace - v4","",""
"110385","Target Credential Issues by Authentication Protocol - Insufficient Privilege","10.200.58.80","","ms.vicksburg-0012.erdc.usace - v4","",""
"110723","Target Credential Status by Authentication Protocol - No Credentials Provided","10.200.58.80","","ms.vicksburg-0012.erdc.usace - v4","",""
"21745","Authentication Failure - Local Checks Not Run","10.200.58.89","","ms.vicksburg-0012.erdc.usace - v4","",""
"102094","SSH Commands Require Privilege Escalation","10.200.58.89","","ms.vicksburg-0012.erdc.usace - v4","",""
"110385","Target Credential Issues by Authentication Protocol - Insufficient Privilege","10.200.58.89","","ms.vicksburg-0012.erdc.usace - v4","",""
"110723","Target Credential Status by Authentication Protocol - No Credentials Provided","10.200.58.89","","ms.vicksburg-0012.erdc.usace - v4","",""
"21745","Authentication Failure - Local Checks Not Run","10.200.58.96","","ms.vicksburg-0012.erdc.usace - v4","",""
"102094","SSH Commands Require Privilege Escalation","10.200.58.96","","ms.vicksburg-0012.erdc.usace - v4","",""
"110385","Target Credential Issues by Authentication Protocol - Insufficient Privilege","10.200.58.96","","ms.vicksburg-0012.erdc.usace - v4","",""
"110723","Target Credential Status by Authentication Protocol - No Credentials Provided","10.200.58.96","","ms.vicksburg-0012.erdc.usace - v4","",""
"21745","Authentication Failure - Local Checks Not Run","10.200.58.165","","ms.vicksburg-0012.erdc.usace - v4","",""
"102094","SSH Commands Require Privilege Escalation","10.200.58.165","","ms.vicksburg-0012.erdc.usace - v4","",""
"110385","Target Credential Issues by Authentication Protocol - Insufficient Privilege","10.200.58.165","","ms.vicksburg-0012.erdc.usace - v4","",""
"110723","Target Credential Status by Authentication Protocol - No Credentials Provided","10.200.58.165","","ms.vicksburg-0012.erdc.usace - v4","",""
"102094","SSH Commands Require Privilege Escalation","10.200.150.80","00:50:56:99:54:9b","ms.vicksburg-0012.erdc.usace - v4","fudsrt1.erdc.dren.mil",""
"110385","Target Credential Issues by Authentication Protocol - Insufficient Privilege","10.200.150.80","00:50:56:99:54:9b","ms.vicksburg-0012.erdc.usace - v4","fudsrt1.erdc.dren.mil",""
"102094","SSH Commands Require Privilege Escalation","10.200.150.185","00:50:56:96:75:f2","ms.vicksburg-0012.erdc.usace - v4","chl-data-transfer.erdc.dren.mil",""
"110385","Target Credential Issues by Authentication Protocol - Insufficient Privilege","10.200.150.185","00:50:56:96:75:f2","ms.vicksburg-0012.erdc.usace - v4","chl-data-transfer.erdc.dren.mil",""
"21745","Authentication Failure - Local Checks Not Run","10.200.150.217","","ms.vicksburg-0012.erdc.usace - v4","gpucompute.erdc.dren.mil",""
"102094","SSH Commands Require Privilege Escalation","10.200.150.217","","ms.vicksburg-0012.erdc.usace - v4","gpucompute.erdc.dren.mil",""
"110385","Target Credential Issues by Authentication Protocol - Insufficient Privilege","10.200.150.217","","ms.vicksburg-0012.erdc.usace - v4","gpucompute.erdc.dren.mil",""
"110723","Target Credential Status by Authentication Protocol - No Credentials Provided","10.200.150.217","","ms.vicksburg-0012.erdc.usace - v4","gpucompute.erdc.dren.mil",""
"104410","Target Credential Status by Authentication Protocol - Failure for Provided Credentials","10.200.152.141","00:50:56:99:d3:f5","ms.vicksburg-0012.erdc.usace - v4","esridc.erdc.dren.mil","ERDC\ESRIOPSDC"
"21745","Authentication Failure - Local Checks Not Run","10.200.152.152","","ms.vicksburg-0012.erdc.usace - v4","mvoss-wv-09f1.erdc.dren.mil",""
"104410","Target Credential Status by Authentication Protocol - Failure for Provided Credentials","10.200.152.152","","ms.vicksburg-0012.erdc.usace - v4","mvoss-wv-09f1.erdc.dren.mil",""
"21745","Authentication Failure - Local Checks Not Run","10.200.154.4","","ms.vicksburg-0012.erdc.usace - v4","",""
"104410","Target Credential Status by Authentication Protocol - Failure for Provided Credentials","10.200.154.4","","ms.vicksburg-0012.erdc.usace - v4","",""
"21745","Authentication Failure - Local Checks Not Run","10.200.154.26","00:50:56:99:28:8a","ms.vicksburg-0012.erdc.usace - v4","teamengine.erdc.dren.mil","ERDC\TEAMENGINE"
"104410","Target Credential Status by Authentication Protocol - Failure for Provided Credentials","10.200.154.26","00:50:56:99:28:8a","ms.vicksburg-0012.erdc.usace - v4","teamengine.erdc.dren.mil","ERDC\TEAMENGINE"
"21745","Authentication Failure - Local Checks Not Run","10.200.212.190","","ms.vicksburg-0012.erdc.usace - v4","","ERDC\DATA"
"110723","Target Credential Status by Authentication Protocol - No Credentials Provided","10.200.212.190","","ms.vicksburg-0012.erdc.usace - v4","","ERDC\DATA"
"21745","Authentication Failure - Local Checks Not Run","10.200.212.191","","ms.vicksburg-0012.erdc.usace - v4","","ERDC\DATA"
"104410","Target Credential Status by Authentication Protocol - Failure for Provided Credentials","10.200.212.191","","ms.vicksburg-0012.erdc.usace - v4","","ERDC\DATA"
"117885","Target Credential Issues by Authentication Protocol - Intermittent Authentication Failure","10.200.212.191","","ms.vicksburg-0012.erdc.usace - v4","","ERDC\DATA"
"21745","Authentication Failure - Local Checks Not Run","10.200.212.192","","ms.vicksburg-0012.erdc.usace - v4","","ERDC\DATA"
"104410","Target Credential Status by Authentication Protocol - Failure for Provided Credentials","10.200.212.192","","ms.vicksburg-0012.erdc.usace - v4","","ERDC\DATA"
"117885","Target Credential Issues by Authentication Protocol - Intermittent Authentication Failure","10.200.212.192","","ms.vicksburg-0012.erdc.usace - v4","","ERDC\DATA"
"21745","Authentication Failure - Local Checks Not Run","10.200.212.193","","ms.vicksburg-0012.erdc.usace - v4","","ERDC\DATA"
"104410","Target Credential Status by Authentication Protocol - Failure for Provided Credentials","10.200.212.193","","ms.vicksburg-0012.erdc.usace - v4","","ERDC\DATA"
"117885","Target Credential Issues by Authentication Protocol - Intermittent Authentication Failure","10.200.212.193","","ms.vicksburg-0012.erdc.usace - v4","","ERDC\DATA"
"21745","Authentication Failure - Local Checks Not Run","10.200.212.194","00:1e:67:db:51:2c","ms.vicksburg-0012.erdc.usace - v4","","ERDC\DATA"
"104410","Target Credential Status by Authentication Protocol - Failure for Provided Credentials","10.200.212.194","00:1e:67:db:51:2c","ms.vicksburg-0012.erdc.usace - v4","","ERDC\DATA"
"117885","Target Credential Issues by Authentication Protocol - Intermittent Authentication Failure","10.200.212.194","00:1e:67:db:51:2c","ms.vicksburg-0012.erdc.usace - v4","","ERDC\DATA"
"21745","Authentication Failure - Local Checks Not Run","10.200.212.195","","ms.vicksburg-0012.erdc.usace - v4","","ERDC\DATA"
"104410","Target Credential Status by Authentication Protocol - Failure for Provided Credentials","10.200.212.195","","ms.vicksburg-0012.erdc.usace - v4","","ERDC\DATA"
"117885","Target Credential Issues by Authentication Protocol - Intermittent Authentication Failure","10.200.212.195","","ms.vicksburg-0012.erdc.usace - v4","","ERDC\DATA"
"21745","Authentication Failure - Local Checks Not Run","10.200.212.196","","ms.vicksburg-0012.erdc.usace - v4","","ERDC\DATA"
"104410","Target Credential Status by Authentication Protocol - Failure for Provided Credentials","10.200.212.196","","ms.vicksburg-0012.erdc.usace - v4","","ERDC\DATA"
"117885","Target Credential Issues by Authentication Protocol - Intermittent Authentication Failure","10.200.212.196","","ms.vicksburg-0012.erdc.usace - v4","","ERDC\DATA"
"21745","Authentication Failure - Local Checks Not Run","10.200.212.197","","ms.vicksburg-0012.erdc.usace - v4","","ERDC\DATA"
"104410","Target Credential Status by Authentication Protocol - Failure for Provided Credentials","10.200.212.197","","ms.vicksburg-0012.erdc.usace - v4","","ERDC\DATA"
"117885","Target Credential Issues by Authentication Protocol - Intermittent Authentication Failure","10.200.212.197","","ms.vicksburg-0012.erdc.usace - v4","","ERDC\DATA"
"102094","SSH Commands Require Privilege Escalation","10.200.221.68","5e:79:8b:96:d7:5c","ms.vicksburg-0012.erdc.usace - v4","",""
"110385","Target Credential Issues by Authentication Protocol - Insufficient Privilege","10.200.221.68","5e:79:8b:96:d7:5c","ms.vicksburg-0012.erdc.usace - v4","",""
"102094","SSH Commands Require Privilege Escalation","10.200.221.70","46:76:dc:fe:d6:ac","ms.vicksburg-0012.erdc.usace - v4","",""
"110385","Target Credential Issues by Authentication Protocol - Insufficient Privilege","10.200.221.70","46:76:dc:fe:d6:ac","ms.vicksburg-0012.erdc.usace - v4","",""
"102094","SSH Commands Require Privilege Escalation","10.200.221.71","26:98:c6:34:74:7d","ms.vicksburg-0012.erdc.usace - v4","",""
"110385","Target Credential Issues by Authentication Protocol - Insufficient Privilege","10.200.221.71","26:98:c6:34:74:7d","ms.vicksburg-0012.erdc.usace - v4","",""
"102094","SSH Commands Require Privilege Escalation","10.200.221.72","1a:6b:b9:de:29:7b","ms.vicksburg-0012.erdc.usace - v4","",""
"110385","Target Credential Issues by Authentication Protocol - Insufficient Privilege","10.200.221.72","1a:6b:b9:de:29:7b","ms.vicksburg-0012.erdc.usace - v4","",""
"102094","SSH Commands Require Privilege Escalation","134.164.40.26","64:4b:f0:18:19:3f","ms.vicksburg-0012.erdc.usace - v4","itlgeg-wd-s8489.erdc.dren.mil","UNKNOWN\ITLRMW-MN-5464H"
"110385","Target Credential Issues by Authentication Protocol - Insufficient Privilege","134.164.40.26","64:4b:f0:18:19:3f","ms.vicksburg-0012.erdc.usace - v4","itlgeg-wd-s8489.erdc.dren.mil","UNKNOWN\ITLRMW-MN-5464H"
"21745","Authentication Failure - Local Checks Not Run","134.164.50.82","","ms.vicksburg-0012.erdc.usace - v4","rvdgfw-f.erdc.dren.mil",""
"104410","Target Credential Status by Authentication Protocol - Failure for Provided Credentials","134.164.50.82","","ms.vicksburg-0012.erdc.usace - v4","rvdgfw-f.erdc.dren.mil",""
"102094","SSH Commands Require Privilege Escalation","134.164.64.30","58:ef:68:e7:a7:68","ms.vicksburg-0012.erdc.usace - v4","gslmwt-wd-s7412.erdc.dren.mil","UNKNOWN\GSLMMS-MN-S8700"
"110385","Target Credential Issues by Authentication Protocol - Insufficient Privilege","134.164.64.30","58:ef:68:e7:a7:68","ms.vicksburg-0012.erdc.usace - v4","gslmwt-wd-s7412.erdc.dren.mil","UNKNOWN\GSLMMS-MN-S8700"
"21745","Authentication Failure - Local Checks Not Run","134.164.107.74","","ms.vicksburg-0012.erdc.usace - v4","","ERDC\N10850-2"
"104410","Target Credential Status by Authentication Protocol - Failure for Provided Credentials","134.164.107.74","","ms.vicksburg-0012.erdc.usace - v4","","ERDC\N10850-2"
"21745","Authentication Failure - Local Checks Not Run","134.164.107.75","","ms.vicksburg-0012.erdc.usace - v4","","ERDC\CHL-N10850-75"
"104410","Target Credential Status by Authentication Protocol - Failure for Provided Credentials","134.164.107.75","","ms.vicksburg-0012.erdc.usace - v4","","ERDC\CHL-N10850-75"
"21745","Authentication Failure - Local Checks Not Run","134.164.107.80","","ms.vicksburg-0012.erdc.usace - v4","chljzg-wn-2077g.erdc.dren.mil","ERDC\CHL-N10850-80"
"104410","Target Credential Status by Authentication Protocol - Failure for Provided Credentials","134.164.107.80","","ms.vicksburg-0012.erdc.usace - v4","chljzg-wn-2077g.erdc.dren.mil","ERDC\CHL-N10850-80"
"102094","SSH Commands Require Privilege Escalation","134.164.109.57","00:3e:e1:c9:d5:82","ms.vicksburg-0012.erdc.usace - v4","",""
"110385","Target Credential Issues by Authentication Protocol - Insufficient Privilege","134.164.109.57","00:3e:e1:c9:d5:82","ms.vicksburg-0012.erdc.usace - v4","",""
"104410","Target Credential Status by Authentication Protocol - Failure for Provided Credentials","134.164.129.46","0c:c4:7a:69:86:7d","ms.vicksburg-0012.erdc.usace - v4","","FRF\PEELER"
"21745","Authentication Failure - Local Checks Not Run","134.164.129.90","","ms.vicksburg-0012.erdc.usace - v4","",""
"104410","Target Credential Status by Authentication Protocol - Failure for Provided Credentials","134.164.129.90","","ms.vicksburg-0012.erdc.usace - v4","",""
"21745","Authentication Failure - Local Checks Not Run","134.164.129.171","","ms.vicksburg-0012.erdc.usace - v4","",""
"104410","Target Credential Status by Authentication Protocol - Failure for Provided Credentials","134.164.129.171","","ms.vicksburg-0012.erdc.usace - v4","",""
"21745","Authentication Failure - Local Checks Not Run","134.164.129.172","","ms.vicksburg-0012.erdc.usace - v4","",""
"104410","Target Credential Status by Authentication Protocol - Failure for Provided Credentials","134.164.129.172","","ms.vicksburg-0012.erdc.usace - v4","",""
"21745","Authentication Failure - Local Checks Not Run","134.164.129.174","18:03:73:40:75:1d","ms.vicksburg-0012.erdc.usace - v4","","WORKGROUP\CHLRM-WD-6362C"
"104410","Target Credential Status by Authentication Protocol - Failure for Provided Credentials","134.164.129.174","18:03:73:40:75:1d","ms.vicksburg-0012.erdc.usace - v4","","WORKGROUP\CHLRM-WD-6362C"
"21745","Authentication Failure - Local Checks Not Run","134.164.129.181","4c:ed:fb:62:c9:a8","ms.vicksburg-0012.erdc.usace - v4","","WORKGROUP\CELERITY"
"104410","Target Credential Status by Authentication Protocol - Failure for Provided Credentials","134.164.129.181","4c:ed:fb:62:c9:a8","ms.vicksburg-0012.erdc.usace - v4","","WORKGROUP\CELERITY"
"102094","SSH Commands Require Privilege Escalation","134.164.129.237","f8:b1:56:d8:ba:c5","ms.vicksburg-0012.erdc.usace - v4","",""
"110385","Target Credential Issues by Authentication Protocol - Insufficient Privilege","134.164.129.237","f8:b1:56:d8:ba:c5","ms.vicksburg-0012.erdc.usace - v4","",""
"21745","Authentication Failure - Local Checks Not Run","134.164.184.27","","ms.vicksburg-0012.erdc.usace - v4","itltwp-wn-s5613.erdc.dren.mil",""
"104410","Target Credential Status by Authentication Protocol - Failure for Provided Credentials","134.164.184.27","","ms.vicksburg-0012.erdc.usace - v4","itltwp-wn-s5613.erdc.dren.mil",""
"102094","SSH Commands Require Privilege Escalation","134.164.184.41","00:3e:e1:c9:b1:85","ms.vicksburg-0012.erdc.usace - v4","itljxh-wn-2475g.erdc.dren.mil",""
"110385","Target Credential Issues by Authentication Protocol - Insufficient Privilege","134.164.184.41","00:3e:e1:c9:b1:85","ms.vicksburg-0012.erdc.usace - v4","itljxh-wn-2475g.erdc.dren.mil",""
"102094","SSH Commands Require Privilege Escalation","134.164.184.44","48:65:ee:18:fa:91","ms.vicksburg-0012.erdc.usace - v4","itljpm-wd-4828h.erdc.dren.mil",""
"110385","Target Credential Issues by Authentication Protocol - Insufficient Privilege","134.164.184.44","48:65:ee:18:fa:91","ms.vicksburg-0012.erdc.usace - v4","itljpm-wd-4828h.erdc.dren.mil",""
"102094","SSH Commands Require Privilege Escalation","134.164.184.67","00:3e:e1:c2:da:f2","ms.vicksburg-0012.erdc.usace - v4","itldm0-wn-6927h.erdc.dren.mil",""
"110385","Target Credential Issues by Authentication Protocol - Insufficient Privilege","134.164.184.67","00:3e:e1:c2:da:f2","ms.vicksburg-0012.erdc.usace - v4","itldm0-wn-6927h.erdc.dren.mil",""
"21745","Authentication Failure - Local Checks Not Run","134.164.190.11","","ms.vicksburg-0012.erdc.usace - v4","itllda-wd-s0940.erdc.dren.mil","UNKNOWN\ITLMBP-MD-Q5299"
"104410","Target Credential Status by Authentication Protocol - Failure for Provided Credentials","134.164.190.11","","ms.vicksburg-0012.erdc.usace - v4","itllda-wd-s0940.erdc.dren.mil","UNKNOWN\ITLMBP-MD-Q5299"
"102094","SSH Commands Require Privilege Escalation","134.164.200.27","00:e0:4c:aa:25:d5","ms.vicksburg-0012.erdc.usace - v4","gsljds-wn-4120h.erdc.dren.mil","UNKNOWN\GSLKLK-MN-4530H"
"110385","Target Credential Issues by Authentication Protocol - Insufficient Privilege","134.164.200.27","00:e0:4c:aa:25:d5","ms.vicksburg-0012.erdc.usace - v4","gsljds-wn-4120h.erdc.dren.mil","UNKNOWN\GSLKLK-MN-4530H"
"102094","SSH Commands Require Privilege Escalation","134.164.204.30","bc:6a:2f:47:d5:a9","ms.vicksburg-0012.erdc.usace - v4","gslcaw-wd-s3229.erdc.dren.mil","UNKNOWN\GSLBAW-MN-2609H"
"110385","Target Credential Issues by Authentication Protocol - Insufficient Privilege","134.164.204.30","bc:6a:2f:47:d5:a9","ms.vicksburg-0012.erdc.usace - v4","gslcaw-wd-s3229.erdc.dren.mil","UNKNOWN\GSLBAW-MN-2609H"
"102094","SSH Commands Require Privilege Escalation","134.164.204.37","78:7b:8a:dc:7a:69","ms.vicksburg-0012.erdc.usace - v4","el1kbd-wd-57379.erdc.dren.mil",""
"110385","Target Credential Issues by Authentication Protocol - Insufficient Privilege","134.164.204.37","78:7b:8a:dc:7a:69","ms.vicksburg-0012.erdc.usace - v4","el1kbd-wd-57379.erdc.dren.mil",""
"102094","SSH Commands Require Privilege Escalation","134.164.212.244","00:00:00:00:bb:1f","ms.vicksburg-0012.erdc.usace - v4","","UNKNOWN\ITLVLB-MN-1331G"
"110385","Target Credential Issues by Authentication Protocol - Insufficient Privilege","134.164.212.244","00:00:00:00:bb:1f","ms.vicksburg-0012.erdc.usace - v4","","UNKNOWN\ITLVLB-MN-1331G"
"102094","SSH Commands Require Privilege Escalation","134.164.213.78","36:7d:da:6a:bd:7e","ms.vicksburg-0012.erdc.usace - v4","",""
"110385","Target Credential Issues by Authentication Protocol - Insufficient Privilege","134.164.213.78","36:7d:da:6a:bd:7e","ms.vicksburg-0012.erdc.usace - v4","",""
"102094","SSH Commands Require Privilege Escalation","134.164.213.79","82:17:04:45:ec:81","ms.vicksburg-0012.erdc.usace - v4","",""
"110385","Target Credential Issues by Authentication Protocol - Insufficient Privilege","134.164.213.79","82:17:04:45:ec:81","ms.vicksburg-0012.erdc.usace - v4","",""
"21745","Authentication Failure - Local Checks Not Run","134.164.213.85","","ms.vicksburg-0012.erdc.usace - v4","chlkeb-wn-4462h.erdc.dren.mil","UNKNOWN\ITLDWC-MN-1118J"
"104410","Target Credential Status by Authentication Protocol - Failure for Provided Credentials","134.164.213.85","","ms.vicksburg-0012.erdc.usace - v4","chlkeb-wn-4462h.erdc.dren.mil","UNKNOWN\ITLDWC-MN-1118J"
"102094","SSH Commands Require Privilege Escalation","134.164.213.100","06:7d:da:1c:02:75","ms.vicksburg-0012.erdc.usace - v4","",""
"110385","Target Credential Issues by Authentication Protocol - Insufficient Privilege","134.164.213.100","06:7d:da:1c:02:75","ms.vicksburg-0012.erdc.usace - v4","",""
"102094","SSH Commands Require Privilege Escalation","134.164.213.103","82:47:d2:84:38:00","ms.vicksburg-0012.erdc.usace - v4","",""
"110385","Target Credential Issues by Authentication Protocol - Insufficient Privilege","134.164.213.103","82:47:d2:84:38:00","ms.vicksburg-0012.erdc.usace - v4","",""
"102094","SSH Commands Require Privilege Escalation","134.164.213.228","0e:85:90:62:38:b6","ms.vicksburg-0012.erdc.usace - v4","",""
"110385","Target Credential Issues by Authentication Protocol - Insufficient Privilege","134.164.213.228","0e:85:90:62:38:b6","ms.vicksburg-0012.erdc.usace - v4","",""
"102094","SSH Commands Require Privilege Escalation","134.164.213.240","82:17:01:7d:3f:41","ms.vicksburg-0012.erdc.usace - v4","","UNKNOWN\ITLAR9-MN-Q8455"
"110385","Target Credential Issues by Authentication Protocol - Insufficient Privilege","134.164.213.240","82:17:01:7d:3f:41","ms.vicksburg-0012.erdc.usace - v4","","UNKNOWN\ITLAR9-MN-Q8455"
"102094","SSH Commands Require Privilege Escalation","134.164.213.242","82:0f:19:c3:9a:81","ms.vicksburg-0012.erdc.usace - v4","","UNKNOWN\ITLTLR-MN-Q6019"
"110385","Target Credential Issues by Authentication Protocol - Insufficient Privilege","134.164.213.242","82:0f:19:c3:9a:81","ms.vicksburg-0012.erdc.usace - v4","","UNKNOWN\ITLTLR-MN-Q6019"
"102094","SSH Commands Require Privilege Escalation","134.164.213.244","0a:98:d8:bd:67:52","ms.vicksburg-0012.erdc.usace - v4","",""
"110385","Target Credential Issues by Authentication Protocol - Insufficient Privilege","134.164.213.244","0a:98:d8:bd:67:52","ms.vicksburg-0012.erdc.usace - v4","",""
"102094","SSH Commands Require Privilege Escalation","134.164.214.2","60:03:08:96:34:a0","ms.vicksburg-0012.erdc.usace - v4","",""
"110385","Target Credential Issues by Authentication Protocol - Insufficient Privilege","134.164.214.2","60:03:08:96:34:a0","ms.vicksburg-0012.erdc.usace - v4","",""
"102094","SSH Commands Require Privilege Escalation","134.164.214.6","82:9c:b2:a3:0c:00","ms.vicksburg-0012.erdc.usace - v4","",""
"110385","Target Credential Issues by Authentication Protocol - Insufficient Privilege","134.164.214.6","82:9c:b2:a3:0c:00","ms.vicksburg-0012.erdc.usace - v4","",""
"102094","SSH Commands Require Privilege Escalation","134.164.214.7","d2:41:8a:7f:4b:58","ms.vicksburg-0012.erdc.usace - v4","",""
"110385","Target Credential Issues by Authentication Protocol - Insufficient Privilege","134.164.214.7","d2:41:8a:7f:4b:58","ms.vicksburg-0012.erdc.usace - v4","",""
"102094","SSH Commands Require Privilege Escalation","134.164.214.11","82:de:cb:41:8c:04","ms.vicksburg-0012.erdc.usace - v4","","UNKNOWN\ITLMAS-MD-8226H"
"110385","Target Credential Issues by Authentication Protocol - Insufficient Privilege","134.164.214.11","82:de:cb:41:8c:04","ms.vicksburg-0012.erdc.usace - v4","","UNKNOWN\ITLMAS-MD-8226H"
"117885","Target Credential Issues by Authentication Protocol - Intermittent Authentication Failure","134.164.214.11","82:de:cb:41:8c:04","ms.vicksburg-0012.erdc.usace - v4","","UNKNOWN\ITLMAS-MD-8226H"
"21745","Authentication Failure - Local Checks Not Run","134.164.214.26","dc:a2:66:14:00:8d","ms.vicksburg-0012.erdc.usace - v4","","ERDC\EL1MPF-WN-1069H"
"117885","Target Credential Issues by Authentication Protocol - Intermittent Authentication Failure","134.164.214.26","dc:a2:66:14:00:8d","ms.vicksburg-0012.erdc.usace - v4","","ERDC\EL1MPF-WN-1069H"
"102094","SSH Commands Require Privilege Escalation","134.164.214.36","f2:18:98:3a:eb:91","ms.vicksburg-0012.erdc.usace - v4","","UNKNOWN\CHLTH9-MN-3455G"
"110385","Target Credential Issues by Authentication Protocol - Insufficient Privilege","134.164.214.36","f2:18:98:3a:eb:91","ms.vicksburg-0012.erdc.usace - v4","","UNKNOWN\CHLTH9-MN-3455G"
"102094","SSH Commands Require Privilege Escalation","134.164.214.48","0e:85:90:74:45:fd","ms.vicksburg-0012.erdc.usace - v4","","UNKNOWN\CRLMWP-MN-R1303"
"110385","Target Credential Issues by Authentication Protocol - Insufficient Privilege","134.164.214.48","0e:85:90:74:45:fd","ms.vicksburg-0012.erdc.usace - v4","","UNKNOWN\CRLMWP-MN-R1303"
"102094","SSH Commands Require Privilege Escalation","134.164.214.58","82:13:11:84:28:00","ms.vicksburg-0012.erdc.usace - v4","","UNKNOWN\ITLMFH-MN-S3358"
"110385","Target Credential Issues by Authentication Protocol - Insufficient Privilege","134.164.214.58","82:13:11:84:28:00","ms.vicksburg-0012.erdc.usace - v4","","UNKNOWN\ITLMFH-MN-S3358"
"102094","SSH Commands Require Privilege Escalation","134.164.214.64","ac:bc:32:c1:60:af","ms.vicksburg-0012.erdc.usace - v4","","UNKNOWN\CRLTH8-MN-R0465"
"110385","Target Credential Issues by Authentication Protocol - Insufficient Privilege","134.164.214.64","ac:bc:32:c1:60:af","ms.vicksburg-0012.erdc.usace - v4","","UNKNOWN\CRLTH8-MN-R0465"
"102094","SSH Commands Require Privilege Escalation","134.164.214.74","82:17:0a:07:95:c0","ms.vicksburg-0012.erdc.usace - v4","",""
"110385","Target Credential Issues by Authentication Protocol - Insufficient Privilege","134.164.214.74","82:17:0a:07:95:c0","ms.vicksburg-0012.erdc.usace - v4","",""
"102094","SSH Commands Require Privilege Escalation","134.164.214.112","82:0c:9c:a3:50:01","ms.vicksburg-0012.erdc.usace - v4","","UNKNOWN\ITLMP9-MN-S8831"
"110385","Target Credential Issues by Authentication Protocol - Insufficient Privilege","134.164.214.112","82:0c:9c:a3:50:01","ms.vicksburg-0012.erdc.usace - v4","","UNKNOWN\ITLMP9-MN-S8831"
"102094","SSH Commands Require Privilege Escalation","134.164.214.128","ee:49:a9:89:ec:04","ms.vicksburg-0012.erdc.usace - v4","",""
"110385","Target Credential Issues by Authentication Protocol - Insufficient Privilege","134.164.214.128","ee:49:a9:89:ec:04","ms.vicksburg-0012.erdc.usace - v4","",""
"102094","SSH Commands Require Privilege Escalation","134.164.214.137","02:18:98:ad:60:09","ms.vicksburg-0012.erdc.usace - v4","",""
"110385","Target Credential Issues by Authentication Protocol - Insufficient Privilege","134.164.214.137","02:18:98:ad:60:09","ms.vicksburg-0012.erdc.usace - v4","",""
"102094","SSH Commands Require Privilege Escalation","134.164.214.139","9a:3a:5c:e1:74:36","ms.vicksburg-0012.erdc.usace - v4","",""
"110385","Target Credential Issues by Authentication Protocol - Insufficient Privilege","134.164.214.139","9a:3a:5c:e1:74:36","ms.vicksburg-0012.erdc.usace - v4","",""
"102094","SSH Commands Require Privilege Escalation","134.164.214.146","82:71:40:40:38:00","ms.vicksburg-0012.erdc.usace - v4","","UNKNOWN\ITLRHH-MN-1838G"
"110385","Target Credential Issues by Authentication Protocol - Insufficient Privilege","134.164.214.146","82:71:40:40:38:00","ms.vicksburg-0012.erdc.usace - v4","","UNKNOWN\ITLRHH-MN-1838G"
"102094","SSH Commands Require Privilege Escalation","134.164.214.150","82:7c:ac:e2:2c:00","ms.vicksburg-0012.erdc.usace - v4","",""
"110385","Target Credential Issues by Authentication Protocol - Insufficient Privilege","134.164.214.150","82:7c:ac:e2:2c:00","ms.vicksburg-0012.erdc.usace - v4","",""
"102094","SSH Commands Require Privilege Escalation","134.164.214.165","","ms.vicksburg-0012.erdc.usace - v4","",""
"110385","Target Credential Issues by Authentication Protocol - Insufficient Privilege","134.164.214.165","","ms.vicksburg-0012.erdc.usace - v4","",""
"117885","Target Credential Issues by Authentication Protocol - Intermittent Authentication Failure","134.164.214.165","","ms.vicksburg-0012.erdc.usace - v4","",""
"102094","SSH Commands Require Privilege Escalation","134.164.214.169","82:37:ca:a1:dc:01","ms.vicksburg-0012.erdc.usace - v4","",""
"110385","Target Credential Issues by Authentication Protocol - Insufficient Privilege","134.164.214.169","82:37:ca:a1:dc:01","ms.vicksburg-0012.erdc.usace - v4","",""
"21745","Authentication Failure - Local Checks Not Run","134.164.214.170","","ms.vicksburg-0012.erdc.usace - v4","","ERDC\ITLACS-MN-2354H"
"102094","SSH Commands Require Privilege Escalation","134.164.214.182","0a:f9:d3:98:a8:13","ms.vicksburg-0012.erdc.usace - v4","","WORKGROUP\ITLREC-MN-1909H"
"110385","Target Credential Issues by Authentication Protocol - Insufficient Privilege","134.164.214.182","0a:f9:d3:98:a8:13","ms.vicksburg-0012.erdc.usace - v4","","WORKGROUP\ITLREC-MN-1909H"
"102094","SSH Commands Require Privilege Escalation","134.164.214.190","82:17:01:4d:61:c1","ms.vicksburg-0012.erdc.usace - v4","","UNKNOWN\ITLLAK-MN-S0308"
"110385","Target Credential Issues by Authentication Protocol - Insufficient Privilege","134.164.214.190","82:17:01:4d:61:c1","ms.vicksburg-0012.erdc.usace - v4","","UNKNOWN\ITLLAK-MN-S0308"
"110385","Target Credential Issues by Authentication Protocol - Insufficient Privilege","134.164.214.195","2e:e9:09:63:e9:da","ms.vicksburg-0012.erdc.usace - v4","","ERDC\CERMCW-WN-4779G"
"117885","Target Credential Issues by Authentication Protocol - Intermittent Authentication Failure","134.164.214.195","2e:e9:09:63:e9:da","ms.vicksburg-0012.erdc.usace - v4","","ERDC\CERMCW-WN-4779G"
"102094","SSH Commands Require Privilege Escalation","134.164.214.208","0e:22:fb:44:70:1e","ms.vicksburg-0012.erdc.usace - v4","",""
"110385","Target Credential Issues by Authentication Protocol - Insufficient Privilege","134.164.214.208","0e:22:fb:44:70:1e","ms.vicksburg-0012.erdc.usace - v4","",""
"102094","SSH Commands Require Privilege Escalation","134.164.214.212","82:d7:01:00:ac:01","ms.vicksburg-0012.erdc.usace - v4","",""
"110385","Target Credential Issues by Authentication Protocol - Insufficient Privilege","134.164.214.212","82:d7:01:00:ac:01","ms.vicksburg-0012.erdc.usace - v4","",""
"102094","SSH Commands Require Privilege Escalation","134.164.214.238","88:e9:fe:83:c0:11","ms.vicksburg-0012.erdc.usace - v4","","UNKNOWN\CRLBAW-MN-R1565"
"110385","Target Credential Issues by Authentication Protocol - Insufficient Privilege","134.164.214.238","88:e9:fe:83:c0:11","ms.vicksburg-0012.erdc.usace - v4","","UNKNOWN\CRLBAW-MN-R1565"
"102094","SSH Commands Require Privilege Escalation","134.164.214.244","ba:61:15:78:1d:00","ms.vicksburg-0012.erdc.usace - v4","","WORKGROUP\CHLMTR-MN-S6363"
"110385","Target Credential Issues by Authentication Protocol - Insufficient Privilege","134.164.214.244","ba:61:15:78:1d:00","ms.vicksburg-0012.erdc.usace - v4","","WORKGROUP\CHLMTR-MN-S6363"
"102094","SSH Commands Require Privilege Escalation","134.164.215.9","0e:22:fb:4b:a0:3a","ms.vicksburg-0012.erdc.usace - v4","",""
"110385","Target Credential Issues by Authentication Protocol - Insufficient Privilege","134.164.215.9","0e:22:fb:4b:a0:3a","ms.vicksburg-0012.erdc.usace - v4","",""
"102094","SSH Commands Require Privilege Escalation","134.164.215.11","f2:18:98:3b:19:e4","ms.vicksburg-0012.erdc.usace - v4","","UNKNOWN\GSLGG9-MN-3470G"
"110385","Target Credential Issues by Authentication Protocol - Insufficient Privilege","134.164.215.11","f2:18:98:3b:19:e4","ms.vicksburg-0012.erdc.usace - v4","","UNKNOWN\GSLGG9-MN-3470G"
"102094","SSH Commands Require Privilege Escalation","134.164.215.22","82:0e:02:28:d1:c8","ms.vicksburg-0012.erdc.usace - v4","",""
"110385","Target Credential Issues by Authentication Protocol - Insufficient Privilege","134.164.215.22","82:0e:02:28:d1:c8","ms.vicksburg-0012.erdc.usace - v4","",""
"102094","SSH Commands Require Privilege Escalation","134.164.215.33","00:50:b6:ac:94:df","ms.vicksburg-0012.erdc.usace - v4","","UNKNOWN\ITLMCK-MN-S6696"
"110385","Target Credential Issues by Authentication Protocol - Insufficient Privilege","134.164.215.33","00:50:b6:ac:94:df","ms.vicksburg-0012.erdc.usace - v4","","UNKNOWN\ITLMCK-MN-S6696"
"102094","SSH Commands Require Privilege Escalation","134.164.215.45","82:dc:7b:02:28:04","ms.vicksburg-0012.erdc.usace - v4","","UNKNOWN\ITLJQC-MD-4590H"
"110385","Target Credential Issues by Authentication Protocol - Insufficient Privilege","134.164.215.45","82:dc:7b:02:28:04","ms.vicksburg-0012.erdc.usace - v4","","UNKNOWN\ITLJQC-MD-4590H"
"102094","SSH Commands Require Privilege Escalation","134.164.215.73","3a:f9:d3:a6:08:31","ms.vicksburg-0012.erdc.usace - v4","","UNKNOWN\ITLCDB-MN-2854H"
"110385","Target Credential Issues by Authentication Protocol - Insufficient Privilege","134.164.215.73","3a:f9:d3:a6:08:31","ms.vicksburg-0012.erdc.usace - v4","","UNKNOWN\ITLCDB-MN-2854H"
"102094","SSH Commands Require Privilege Escalation","134.164.222.10","a4:83:e7:69:9f:fc","ms.vicksburg-0012.erdc.usace - v4","",""
"110385","Target Credential Issues by Authentication Protocol - Insufficient Privilege","134.164.222.10","a4:83:e7:69:9f:fc","ms.vicksburg-0012.erdc.usace - v4","",""
"102094","SSH Commands Require Privilege Escalation","134.164.222.38","f0:18:98:33:3d:da","ms.vicksburg-0012.erdc.usace - v4","gslwmh-wn-s6873.erdc.dren.mil",""
"110385","Target Credential Issues by Authentication Protocol - Insufficient Privilege","134.164.222.38","f0:18:98:33:3d:da","ms.vicksburg-0012.erdc.usace - v4","gslwmh-wn-s6873.erdc.dren.mil",""
"21745","Authentication Failure - Local Checks Not Run","134.164.222.49","a4:fc:77:76:09:f1","ms.vicksburg-0012.erdc.usace - v4","gslmjr-wn-3689h.erdc.dren.mil","ERDC\GSLBPS-WN-4348H"
"104410","Target Credential Status by Authentication Protocol - Failure for Provided Credentials","134.164.222.49","a4:fc:77:76:09:f1","ms.vicksburg-0012.erdc.usace - v4","gslmjr-wn-3689h.erdc.dren.mil","ERDC\GSLBPS-WN-4348H"
"102094","SSH Commands Require Privilege Escalation","134.164.222.62","f8:ff:c2:69:78:1b","ms.vicksburg-0012.erdc.usace - v4","el1jlr-wn-0039g.erdc.dren.mil","UNKNOWN\ITLBKR-MN-6921H"
"110385","Target Credential Issues by Authentication Protocol - Insufficient Privilege","134.164.222.62","f8:ff:c2:69:78:1b","ms.vicksburg-0012.erdc.usace - v4","el1jlr-wn-0039g.erdc.dren.mil","UNKNOWN\ITLBKR-MN-6921H"
"102094","SSH Commands Require Privilege Escalation","134.164.222.93","","ms.vicksburg-0012.erdc.usace - v4","chlrej-wn-3879g.erdc.dren.mil","UNKNOWN\ITLDCS-MD-1675J"
"110385","Target Credential Issues by Authentication Protocol - Insufficient Privilege","134.164.222.93","","ms.vicksburg-0012.erdc.usace - v4","chlrej-wn-3879g.erdc.dren.mil","UNKNOWN\ITLDCS-MD-1675J"
"117885","Target Credential Issues by Authentication Protocol - Intermittent Authentication Failure","134.164.222.93","","ms.vicksburg-0012.erdc.usace - v4","chlrej-wn-3879g.erdc.dren.mil","UNKNOWN\ITLDCS-MD-1675J"
"102094","SSH Commands Require Privilege Escalation","134.164.250.23","ac:87:a3:05:3a:8b","ms.vicksburg-0012.erdc.usace - v4","",""
"110385","Target Credential Issues by Authentication Protocol - Insufficient Privilege","134.164.250.23","ac:87:a3:05:3a:8b","ms.vicksburg-0012.erdc.usace - v4","",""
"104410","Target Credential Status by Authentication Protocol - Failure for Provided Credentials","134.164.255.18","00:50:56:9c:9e:d3","ms.vicksburg-0012.erdc.usace - v4","ms-ia3vks.erdc.dren.mil","ERDC\MS-PINGINT"
"104410","Target Credential Status by Authentication Protocol - Failure for Provided Credentials","134.164.255.40","00:50:56:99:fc:a3","ms.vicksburg-0012.erdc.usace - v4","ms-jssvks.erdc.dren.mil","MYSERVER\MYSERVER"
"104410","Target Credential Status by Authentication Protocol - Failure for Provided Credentials","134.164.255.41","00:50:56:96:1f:ae","ms.vicksburg-0012.erdc.usace - v4","ms-jssvks-test.erdc.dren.mil","MYSERVER\MYSERVER"
"104410","Target Credential Status by Authentication Protocol - Failure for Provided Credentials","134.164.255.55","00:50:56:9c:65:fe","ms.vicksburg-0012.erdc.usace - v4","ms-chatdb.erdc.dren.mil","ERDC\MS-CHATDB"
"21745","Authentication Failure - Local Checks Not Run","134.164.255.112","","ms.vicksburg-0012.erdc.usace - v4","acas-vks.erdc.dren.mil",""
"104410","Target Credential Status by Authentication Protocol - Failure for Provided Credentials","134.164.255.112","","ms.vicksburg-0012.erdc.usace - v4","acas-vks.erdc.dren.mil",""
"102094","SSH Commands Require Privilege Escalation","134.164.255.125","00:50:56:9c:f2:2d","ms.vicksburg-0012.erdc.usace - v4","rdedrive.erdc.dren.mil",""
"110385","Target Credential Issues by Authentication Protocol - Insufficient Privilege","134.164.255.125","00:50:56:9c:f2:2d","ms.vicksburg-0012.erdc.usace - v4","rdedrive.erdc.dren.mil",""
"102094","SSH Commands Require Privilege Escalation","134.164.255.126","00:50:56:9c:85:e7","ms.vicksburg-0012.erdc.usace - v4","rdedrive-db.erdc.dren.mil",""
"110385","Target Credential Issues by Authentication Protocol - Insufficient Privilege","134.164.255.126","00:50:56:9c:85:e7","ms.vicksburg-0012.erdc.usace - v4","rdedrive-db.erdc.dren.mil",""
"21745","Authentication Failure - Local Checks Not Run","134.164.255.184","","ms.vicksburg-0012.erdc.usace - v4","loginsight1.erdc.dren.mil",""
"102094","SSH Commands Require Privilege Escalation","134.164.255.184","","ms.vicksburg-0012.erdc.usace - v4","loginsight1.erdc.dren.mil",""
"104410","Target Credential Status by Authentication Protocol - Failure for Provided Credentials","134.164.255.184","","ms.vicksburg-0012.erdc.usace - v4","loginsight1.erdc.dren.mil",""
"21745","Authentication Failure - Local Checks Not Run","134.164.255.186","","ms.vicksburg-0012.erdc.usace - v4","loginsight2.erdc.dren.mil",""
"104410","Target Credential Status by Authentication Protocol - Failure for Provided Credentials","134.164.255.186","","ms.vicksburg-0012.erdc.usace - v4","loginsight2.erdc.dren.mil",""
"21745","Authentication Failure - Local Checks Not Run","134.164.255.221","","ms.vicksburg-0012.erdc.usace - v4","","ERDC\DATA"
"104410","Target Credential Status by Authentication Protocol - Failure for Provided Credentials","134.164.255.221","","ms.vicksburg-0012.erdc.usace - v4","","ERDC\DATA"
"117885","Target Credential Issues by Authentication Protocol - Intermittent Authentication Failure","134.164.255.221","","ms.vicksburg-0012.erdc.usace - v4","","ERDC\DATA"
"21745","Authentication Failure - Local Checks Not Run","134.164.255.222","","ms.vicksburg-0012.erdc.usace - v4","","ERDC\DATA"
"104410","Target Credential Status by Authentication Protocol - Failure for Provided Credentials","134.164.255.222","","ms.vicksburg-0012.erdc.usace - v4","","ERDC\DATA"
"117885","Target Credential Issues by Authentication Protocol - Intermittent Authentication Failure","134.164.255.222","","ms.vicksburg-0012.erdc.usace - v4","","ERDC\DATA"
"21745","Authentication Failure - Local Checks Not Run","134.164.255.223","","ms.vicksburg-0012.erdc.usace - v4","","ERDC\DATA"
"104410","Target Credential Status by Authentication Protocol - Failure for Provided Credentials","134.164.255.223","","ms.vicksburg-0012.erdc.usace - v4","","ERDC\DATA"
"117885","Target Credential Issues by Authentication Protocol - Intermittent Authentication Failure","134.164.255.223","","ms.vicksburg-0012.erdc.usace - v4","","ERDC\DATA"
"21745","Authentication Failure - Local Checks Not Run","10.201.52.102","","nh.hanover-0059.crrel.erdc - v4","",""
"104410","Target Credential Status by Authentication Protocol - Failure for Provided Credentials","10.201.52.102","","nh.hanover-0059.crrel.erdc - v4","",""
"21745","Authentication Failure - Local Checks Not Run","10.201.52.103","","nh.hanover-0059.crrel.erdc - v4","",""
"104410","Target Credential Status by Authentication Protocol - Failure for Provided Credentials","10.201.52.103","","nh.hanover-0059.crrel.erdc - v4","",""
"21745","Authentication Failure - Local Checks Not Run","10.201.52.104","","nh.hanover-0059.crrel.erdc - v4","",""
"104410","Target Credential Status by Authentication Protocol - Failure for Provided Credentials","10.201.52.104","","nh.hanover-0059.crrel.erdc - v4","",""
"104410","Target Credential Status by Authentication Protocol - Failure for Provided Credentials","144.3.100.151","52:54:00:ba:72:a2","nh.hanover-0059.crrel.erdc - v4","rde-lic.erdc.dren.mil","RDE-LIC\RDE-LIC"
"104410","Target Credential Status by Authentication Protocol - Failure for Provided Credentials","144.3.100.162","00:25:90:37:d5:7e","nh.hanover-0059.crrel.erdc - v4","rdebase.erdc.dren.mil","ERDC\RDEBASE"
"21745","Authentication Failure - Local Checks Not Run","144.3.100.178","","nh.hanover-0059.crrel.erdc - v4","spo1.erdc.dren.mil",""
"102094","SSH Commands Require Privilege Escalation","144.3.100.178","","nh.hanover-0059.crrel.erdc - v4","spo1.erdc.dren.mil",""
"110385","Target Credential Issues by Authentication Protocol - Insufficient Privilege","144.3.100.178","","nh.hanover-0059.crrel.erdc - v4","spo1.erdc.dren.mil",""
"21745","Authentication Failure - Local Checks Not Run","144.3.100.184","","nh.hanover-0059.crrel.erdc - v4","spo2.erdc.dren.mil",""
"102094","SSH Commands Require Privilege Escalation","144.3.100.184","","nh.hanover-0059.crrel.erdc - v4","spo2.erdc.dren.mil",""
"110385","Target Credential Issues by Authentication Protocol - Insufficient Privilege","144.3.100.184","","nh.hanover-0059.crrel.erdc - v4","spo2.erdc.dren.mil",""
"104410","Target Credential Status by Authentication Protocol - Failure for Provided Credentials","144.3.102.35","","nh.hanover-0059.crrel.erdc - v4","gridvm-serv2.erdc.dren.mil",""
"102094","SSH Commands Require Privilege Escalation","144.3.102.105","00:25:90:91:f5:cc","nh.hanover-0059.crrel.erdc - v4","gridte-stor.erdc.dren.mil",""
"110385","Target Credential Issues by Authentication Protocol - Insufficient Privilege","144.3.102.105","00:25:90:91:f5:cc","nh.hanover-0059.crrel.erdc - v4","gridte-stor.erdc.dren.mil",""
"102094","SSH Commands Require Privilege Escalation","144.3.102.110","ec:f4:bb:c7:ef:34","nh.hanover-0059.crrel.erdc - v4","grid-gpnsd1.erdc.dren.mil",""
"110385","Target Credential Issues by Authentication Protocol - Insufficient Privilege","144.3.102.110","ec:f4:bb:c7:ef:34","nh.hanover-0059.crrel.erdc - v4","grid-gpnsd1.erdc.dren.mil",""
"102094","SSH Commands Require Privilege Escalation","144.3.112.20","f2:18:98:3b:66:7f","nh.hanover-0059.crrel.erdc - v4","usace-po-112-20.bulkhost.army.mil",""
"110385","Target Credential Issues by Authentication Protocol - Insufficient Privilege","144.3.112.20","f2:18:98:3b:66:7f","nh.hanover-0059.crrel.erdc - v4","usace-po-112-20.bulkhost.army.mil",""
"102094","SSH Commands Require Privilege Escalation","144.3.112.23","82:4e:4a:21:90:01","nh.hanover-0059.crrel.erdc - v4","usace-po-112-23.bulkhost.army.mil","UNKNOWN\USACE-PO-112-23"
"110385","Target Credential Issues by Authentication Protocol - Insufficient Privilege","144.3.112.23","82:4e:4a:21:90:01","nh.hanover-0059.crrel.erdc - v4","usace-po-112-23.bulkhost.army.mil","UNKNOWN\USACE-PO-112-23"
"102094","SSH Commands Require Privilege Escalation","144.3.112.25","a4:83:e7:d1:31:eb","nh.hanover-0059.crrel.erdc - v4","usace-po-112-25.bulkhost.army.mil","UNKNOWN\USACE-PO-112-25"
"110385","Target Credential Issues by Authentication Protocol - Insufficient Privilege","144.3.112.25","a4:83:e7:d1:31:eb","nh.hanover-0059.crrel.erdc - v4","usace-po-112-25.bulkhost.army.mil","UNKNOWN\USACE-PO-112-25"
"102094","SSH Commands Require Privilege Escalation","144.3.112.33","82:d9:3e:23:44:05","nh.hanover-0059.crrel.erdc - v4","usace-po-112-33.bulkhost.army.mil",""
"110385","Target Credential Issues by Authentication Protocol - Insufficient Privilege","144.3.112.33","82:d9:3e:23:44:05","nh.hanover-0059.crrel.erdc - v4","usace-po-112-33.bulkhost.army.mil",""
"102094","SSH Commands Require Privilege Escalation","144.3.112.34","3a:f9:d3:d4:d3:ed","nh.hanover-0059.crrel.erdc - v4","usace-po-112-34.bulkhost.army.mil","WORKGROUP\USACE-PO-112-34"
"110385","Target Credential Issues by Authentication Protocol - Insufficient Privilege","144.3.112.34","3a:f9:d3:d4:d3:ed","nh.hanover-0059.crrel.erdc - v4","usace-po-112-34.bulkhost.army.mil","WORKGROUP\USACE-PO-112-34"
"102094","SSH Commands Require Privilege Escalation","144.3.112.42","82:c8:47:e6:c8:05","nh.hanover-0059.crrel.erdc - v4","usace-po-112-42.bulkhost.army.mil","UNKNOWN\USACE-PO-112-42"
"110385","Target Credential Issues by Authentication Protocol - Insufficient Privilege","144.3.112.42","82:c8:47:e6:c8:05","nh.hanover-0059.crrel.erdc - v4","usace-po-112-42.bulkhost.army.mil","UNKNOWN\USACE-PO-112-42"
"102094","SSH Commands Require Privilege Escalation","144.3.112.43","38:f9:d3:ae:f7:62","nh.hanover-0059.crrel.erdc - v4","usace-po-112-43.bulkhost.army.mil","UNKNOWN\USACE-PO-112-43"
"110385","Target Credential Issues by Authentication Protocol - Insufficient Privilege","144.3.112.43","38:f9:d3:ae:f7:62","nh.hanover-0059.crrel.erdc - v4","usace-po-112-43.bulkhost.army.mil","UNKNOWN\USACE-PO-112-43"
"102094","SSH Commands Require Privilege Escalation","144.3.112.50","d6:ae:06:2c:93:dc","nh.hanover-0059.crrel.erdc - v4","usace-po-112-50.bulkhost.army.mil",""
"110385","Target Credential Issues by Authentication Protocol - Insufficient Privilege","144.3.112.50","d6:ae:06:2c:93:dc","nh.hanover-0059.crrel.erdc - v4","usace-po-112-50.bulkhost.army.mil",""
"102094","SSH Commands Require Privilege Escalation","144.3.112.51","3e:7e:63:47:f1:a3","nh.hanover-0059.crrel.erdc - v4","usace-po-112-51.bulkhost.army.mil","UNKNOWN\USACE-PO-112-51"
"110385","Target Credential Issues by Authentication Protocol - Insufficient Privilege","144.3.112.51","3e:7e:63:47:f1:a3","nh.hanover-0059.crrel.erdc - v4","usace-po-112-51.bulkhost.army.mil","UNKNOWN\USACE-PO-112-51"
"102094","SSH Commands Require Privilege Escalation","144.3.112.56","82:9e:32:67:28:00","nh.hanover-0059.crrel.erdc - v4","usace-po-112-56.bulkhost.army.mil",""
"110385","Target Credential Issues by Authentication Protocol - Insufficient Privilege","144.3.112.56","82:9e:32:67:28:00","nh.hanover-0059.crrel.erdc - v4","usace-po-112-56.bulkhost.army.mil",""
"21745","Authentication Failure - Local Checks Not Run","144.3.113.50","","nh.hanover-0059.crrel.erdc - v4","ak-nas.erdc.dren.mil","ERDC\AK-NAS"
"104410","Target Credential Status by Authentication Protocol - Failure for Provided Credentials","144.3.113.50","","nh.hanover-0059.crrel.erdc - v4","ak-nas.erdc.dren.mil","ERDC\AK-NAS"
"117885","Target Credential Issues by Authentication Protocol - Intermittent Authentication Failure","144.3.113.50","","nh.hanover-0059.crrel.erdc - v4","ak-nas.erdc.dren.mil","ERDC\AK-NAS"
"102094","SSH Commands Require Privilege Escalation","144.3.151.1","00:50:b6:c9:7e:ed","nh.hanover-0059.crrel.erdc - v4","nh-nb54478b.erdc.dren.mil","UNKNOWN\CRLGEB-MN-0426F"
"110385","Target Credential Issues by Authentication Protocol - Insufficient Privilege","144.3.151.1","00:50:b6:c9:7e:ed","nh.hanover-0059.crrel.erdc - v4","nh-nb54478b.erdc.dren.mil","UNKNOWN\CRLGEB-MN-0426F"
"102094","SSH Commands Require Privilege Escalation","144.3.151.2","3c:2c:30:ad:00:d4","nh.hanover-0059.crrel.erdc - v4","nh-nbc26eee.erdc.dren.mil",""
"110385","Target Credential Issues by Authentication Protocol - Insufficient Privilege","144.3.151.2","3c:2c:30:ad:00:d4","nh.hanover-0059.crrel.erdc - v4","nh-nbc26eee.erdc.dren.mil",""
"102094","SSH Commands Require Privilege Escalation","144.3.151.23","52:54:00:16:5d:84","nh.hanover-0059.crrel.erdc - v4","crlmcq-wd-r0903.erdc.dren.mil",""
"110385","Target Credential Issues by Authentication Protocol - Insufficient Privilege","144.3.151.23","52:54:00:16:5d:84","nh.hanover-0059.crrel.erdc - v4","crlmcq-wd-r0903.erdc.dren.mil",""
"102094","SSH Commands Require Privilege Escalation","144.3.153.3","c8:2a:14:50:29:3d","nh.hanover-0059.crrel.erdc - v4","crlmfb-wn-r1322.erdc.dren.mil",""
"110385","Target Credential Issues by Authentication Protocol - Insufficient Privilege","144.3.153.3","c8:2a:14:50:29:3d","nh.hanover-0059.crrel.erdc - v4","crlmfb-wn-r1322.erdc.dren.mil",""
"102094","SSH Commands Require Privilege Escalation","144.3.153.18","3c:07:54:7a:1d:c4","nh.hanover-0059.crrel.erdc - v4","crljpm-wn-r6507.erdc.dren.mil","ERDC\CRLSF9-MN-R0851"
"110385","Target Credential Issues by Authentication Protocol - Insufficient Privilege","144.3.153.18","3c:07:54:7a:1d:c4","nh.hanover-0059.crrel.erdc - v4","crljpm-wn-r6507.erdc.dren.mil","ERDC\CRLSF9-MN-R0851"
"102094","SSH Commands Require Privilege Escalation","144.3.153.20","80:3f:5d:00:f7:4a","nh.hanover-0059.crrel.erdc - v4","crlch9-wn-r6314.erdc.dren.mil",""
"110385","Target Credential Issues by Authentication Protocol - Insufficient Privilege","144.3.153.20","80:3f:5d:00:f7:4a","nh.hanover-0059.crrel.erdc - v4","crlch9-wn-r6314.erdc.dren.mil",""
"21745","Authentication Failure - Local Checks Not Run","144.3.153.63","","nh.hanover-0059.crrel.erdc - v4","crlsnv-wd-r1535.erdc.dren.mil",""
"102094","SSH Commands Require Privilege Escalation","144.3.153.63","","nh.hanover-0059.crrel.erdc - v4","crlsnv-wd-r1535.erdc.dren.mil",""
"110385","Target Credential Issues by Authentication Protocol - Insufficient Privilege","144.3.153.63","","nh.hanover-0059.crrel.erdc - v4","crlsnv-wd-r1535.erdc.dren.mil",""
"21745","Authentication Failure - Local Checks Not Run","144.3.153.96","","nh.hanover-0059.crrel.erdc - v4","",""
"102094","SSH Commands Require Privilege Escalation","144.3.153.96","","nh.hanover-0059.crrel.erdc - v4","",""
"110385","Target Credential Issues by Authentication Protocol - Insufficient Privilege","144.3.153.96","","nh.hanover-0059.crrel.erdc - v4","",""
"102094","SSH Commands Require Privilege Escalation","144.3.222.2","f0:18:98:8e:e0:62","nh.hanover-0059.crrel.erdc - v4","usace-po-222-2.bulkhost.army.mil","ERDC\CRLSGB-MN-R1688"
"110385","Target Credential Issues by Authentication Protocol - Insufficient Privilege","144.3.222.2","f0:18:98:8e:e0:62","nh.hanover-0059.crrel.erdc - v4","usace-po-222-2.bulkhost.army.mil","ERDC\CRLSGB-MN-R1688"
"102094","SSH Commands Require Privilege Escalation","144.3.222.24","78:4f:43:92:ad:c1","nh.hanover-0059.crrel.erdc - v4","usace-po-222-24.bulkhost.army.mil",""
"110385","Target Credential Issues by Authentication Protocol - Insufficient Privilege","144.3.222.24","78:4f:43:92:ad:c1","nh.hanover-0059.crrel.erdc - v4","usace-po-222-24.bulkhost.army.mil",""
"102094","SSH Commands Require Privilege Escalation","144.3.222.40","38:f9:d3:a5:04:ba","nh.hanover-0059.crrel.erdc - v4","usace-po-222-40.bulkhost.army.mil",""
"110385","Target Credential Issues by Authentication Protocol - Insufficient Privilege","144.3.222.40","38:f9:d3:a5:04:ba","nh.hanover-0059.crrel.erdc - v4","usace-po-222-40.bulkhost.army.mil",""
"102094","SSH Commands Require Privilege Escalation","144.3.222.49","f0:18:98:46:e6:97","nh.hanover-0059.crrel.erdc - v4","usace-po-222-49.bulkhost.army.mil",""
"110385","Target Credential Issues by Authentication Protocol - Insufficient Privilege","144.3.222.49","f0:18:98:46:e6:97","nh.hanover-0059.crrel.erdc - v4","usace-po-222-49.bulkhost.army.mil",""
"104410","Target Credential Status by Authentication Protocol - Failure for Provided Credentials","144.3.255.18","00:50:56:9c:1e:26","nh.hanover-0059.crrel.erdc - v4","nh-jdshan.erdc.dren.mil","NH-JDSHAN\NH-JDSHAN"
"21745","Authentication Failure - Local Checks Not Run","144.3.255.95","","nh.hanover-0059.crrel.erdc - v4","",""
"104410","Target Credential Status by Authentication Protocol - Failure for Provided Credentials","144.3.255.95","","nh.hanover-0059.crrel.erdc - v4","",""
"104410","Target Credential Status by Authentication Protocol - Failure for Provided Credentials","10.203.52.100","","va.ft_belvoir-0008.erdc-grl.erdc - v4","","UNKNOWN\ALX-NA1-1"
"104410","Target Credential Status by Authentication Protocol - Failure for Provided Credentials","10.203.52.101","","va.ft_belvoir-0008.erdc-grl.erdc - v4","","UNKNOWN\ALX-NA1-2"
"21745","Authentication Failure - Local Checks Not Run","10.203.52.102","","va.ft_belvoir-0008.erdc-grl.erdc - v4","",""
"104410","Target Credential Status by Authentication Protocol - Failure for Provided Credentials","10.203.52.102","","va.ft_belvoir-0008.erdc-grl.erdc - v4","",""
"21745","Authentication Failure - Local Checks Not Run","10.203.52.103","","va.ft_belvoir-0008.erdc-grl.erdc - v4","",""
"104410","Target Credential Status by Authentication Protocol - Failure for Provided Credentials","10.203.52.103","","va.ft_belvoir-0008.erdc-grl.erdc - v4","",""
"21745","Authentication Failure - Local Checks Not Run","10.203.52.104","","va.ft_belvoir-0008.erdc-grl.erdc - v4","",""
"104410","Target Credential Status by Authentication Protocol - Failure for Provided Credentials","10.203.52.104","","va.ft_belvoir-0008.erdc-grl.erdc - v4","",""
"102094","SSH Commands Require Privilege Escalation","199.123.87.73","c4:b3:01:cb:01:c7","va.ft_belvoir-0008.erdc-grl.erdc - v4","champion.tec.army.mil",""
"110385","Target Credential Issues by Authentication Protocol - Insufficient Privilege","199.123.87.73","c4:b3:01:cb:01:c7","va.ft_belvoir-0008.erdc-grl.erdc - v4","champion.tec.army.mil",""
"102094","SSH Commands Require Privilege Escalation","199.123.87.79","82:37:99:e5:04:04","va.ft_belvoir-0008.erdc-grl.erdc - v4","",""
"110385","Target Credential Issues by Authentication Protocol - Insufficient Privilege","199.123.87.79","82:37:99:e5:04:04","va.ft_belvoir-0008.erdc-grl.erdc - v4","",""
"102094","SSH Commands Require Privilege Escalation","199.123.87.82","82:5c:5b:21:98:00","va.ft_belvoir-0008.erdc-grl.erdc - v4","199-123-87-58.tec.army.mil","UNKNOWN\199-123-87-199"
"110385","Target Credential Issues by Authentication Protocol - Insufficient Privilege","199.123.87.82","82:5c:5b:21:98:00","va.ft_belvoir-0008.erdc-grl.erdc - v4","199-123-87-58.tec.army.mil","UNKNOWN\199-123-87-199"
"21745","Authentication Failure - Local Checks Not Run","199.123.87.89","","va.ft_belvoir-0008.erdc-grl.erdc - v4","199-123-87-37.tec.army.mil",""
"102094","SSH Commands Require Privilege Escalation","199.123.87.89","","va.ft_belvoir-0008.erdc-grl.erdc - v4","199-123-87-37.tec.army.mil",""
"102094","SSH Commands Require Privilege Escalation","199.123.87.90","02:18:98:4e:d7:8f","va.ft_belvoir-0008.erdc-grl.erdc - v4","",""
"110385","Target Credential Issues by Authentication Protocol - Insufficient Privilege","199.123.87.90","02:18:98:4e:d7:8f","va.ft_belvoir-0008.erdc-grl.erdc - v4","",""
"21745","Authentication Failure - Local Checks Not Run","199.123.87.97","00:e0:4c:a6:1f:67","va.ft_belvoir-0008.erdc-grl.erdc - v4","","ERDC\GSLWDH-WN-4002J"
"102094","SSH Commands Require Privilege Escalation","199.123.87.97","00:e0:4c:a6:1f:67","va.ft_belvoir-0008.erdc-grl.erdc - v4","","ERDC\GSLWDH-WN-4002J"
"117885","Target Credential Issues by Authentication Protocol - Intermittent Authentication Failure","199.123.87.97","00:e0:4c:a6:1f:67","va.ft_belvoir-0008.erdc-grl.erdc - v4","","ERDC\GSLWDH-WN-4002J"
"102094","SSH Commands Require Privilege Escalation","199.123.87.99","82:cb:d1:62:c8:01","va.ft_belvoir-0008.erdc-grl.erdc - v4","silas.tec.army.mil",""
"110385","Target Credential Issues by Authentication Protocol - Insufficient Privilege","199.123.87.99","82:cb:d1:62:c8:01","va.ft_belvoir-0008.erdc-grl.erdc - v4","silas.tec.army.mil",""
"102094","SSH Commands Require Privilege Escalation","199.123.87.101","82:df:55:e2:b0:05","va.ft_belvoir-0008.erdc-grl.erdc - v4","199-123-87-49.tec.army.mil",""
"110385","Target Credential Issues by Authentication Protocol - Insufficient Privilege","199.123.87.101","82:df:55:e2:b0:05","va.ft_belvoir-0008.erdc-grl.erdc - v4","199-123-87-49.tec.army.mil",""
"102094","SSH Commands Require Privilege Escalation","199.123.87.102","f2:18:98:24:df:d1","va.ft_belvoir-0008.erdc-grl.erdc - v4","199-123-87-227.tec.army.mil",""
"110385","Target Credential Issues by Authentication Protocol - Insufficient Privilege","199.123.87.102","f2:18:98:24:df:d1","va.ft_belvoir-0008.erdc-grl.erdc - v4","199-123-87-227.tec.army.mil",""
"102094","SSH Commands Require Privilege Escalation","199.123.87.103","8c:85:90:93:db:a4","va.ft_belvoir-0008.erdc-grl.erdc - v4","199-123-87-213.tec.army.mil","UNKNOWN\ITLAEB-MN-0737G"
"110385","Target Credential Issues by Authentication Protocol - Insufficient Privilege","199.123.87.103","8c:85:90:93:db:a4","va.ft_belvoir-0008.erdc-grl.erdc - v4","199-123-87-213.tec.army.mil","UNKNOWN\ITLAEB-MN-0737G"
"102094","SSH Commands Require Privilege Escalation","199.123.87.114","82:4c:bb:09:e4:04","va.ft_belvoir-0008.erdc-grl.erdc - v4","199-123-87-187.tec.army.mil","UNKNOWN\199-123-87-206"
"110385","Target Credential Issues by Authentication Protocol - Insufficient Privilege","199.123.87.114","82:4c:bb:09:e4:04","va.ft_belvoir-0008.erdc-grl.erdc - v4","199-123-87-187.tec.army.mil","UNKNOWN\199-123-87-206"
"102094","SSH Commands Require Privilege Escalation","199.123.87.116","82:54:b1:64:58:01","va.ft_belvoir-0008.erdc-grl.erdc - v4","",""
"110385","Target Credential Issues by Authentication Protocol - Insufficient Privilege","199.123.87.116","82:54:b1:64:58:01","va.ft_belvoir-0008.erdc-grl.erdc - v4","",""
"102094","SSH Commands Require Privilege Escalation","199.123.87.117","82:b9:e3:e3:e4:01","va.ft_belvoir-0008.erdc-grl.erdc - v4","",""
"110385","Target Credential Issues by Authentication Protocol - Insufficient Privilege","199.123.87.117","82:b9:e3:e3:e4:01","va.ft_belvoir-0008.erdc-grl.erdc - v4","",""
"102094","SSH Commands Require Privilege Escalation","199.123.87.118","82:d6:9f:88:e4:05","va.ft_belvoir-0008.erdc-grl.erdc - v4","",""
"110385","Target Credential Issues by Authentication Protocol - Insufficient Privilege","199.123.87.118","82:d6:9f:88:e4:05","va.ft_belvoir-0008.erdc-grl.erdc - v4","",""
"102094","SSH Commands Require Privilege Escalation","199.123.87.123","82:9d:11:88:c8:01","va.ft_belvoir-0008.erdc-grl.erdc - v4","199-123-87-54.tec.army.mil",""
"110385","Target Credential Issues by Authentication Protocol - Insufficient Privilege","199.123.87.123","82:9d:11:88:c8:01","va.ft_belvoir-0008.erdc-grl.erdc - v4","199-123-87-54.tec.army.mil",""
"102094","SSH Commands Require Privilege Escalation","199.123.87.125","c4:b3:01:d1:44:b9","va.ft_belvoir-0008.erdc-grl.erdc - v4","",""
"110385","Target Credential Issues by Authentication Protocol - Insufficient Privilege","199.123.87.125","c4:b3:01:d1:44:b9","va.ft_belvoir-0008.erdc-grl.erdc - v4","",""
"21745","Authentication Failure - Local Checks Not Run","199.123.87.127","","va.ft_belvoir-0008.erdc-grl.erdc - v4","","ERDC\CCEALS-WL-G4347"
"104410","Target Credential Status by Authentication Protocol - Failure for Provided Credentials","199.123.87.127","","va.ft_belvoir-0008.erdc-grl.erdc - v4","","ERDC\CCEALS-WL-G4347"
"102094","SSH Commands Require Privilege Escalation","199.123.88.18","02:42:2e:93:7d:4b","va.ft_belvoir-0008.erdc-grl.erdc - v4","",""
"110385","Target Credential Issues by Authentication Protocol - Insufficient Privilege","199.123.88.18","02:42:2e:93:7d:4b","va.ft_belvoir-0008.erdc-grl.erdc - v4","",""
"21745","Authentication Failure - Local Checks Not Run","199.123.89.8","","va.ft_belvoir-0008.erdc-grl.erdc - v4","","AGENODE\AGENODE05"
"104410","Target Credential Status by Authentication Protocol - Failure for Provided Credentials","199.123.89.8","","va.ft_belvoir-0008.erdc-grl.erdc - v4","","AGENODE\AGENODE05"
"21745","Authentication Failure - Local Checks Not Run","199.123.89.11","","va.ft_belvoir-0008.erdc-grl.erdc - v4","","DESKTOP-8V6TRCF\DESKTOP-8V6TRCF"
"110385","Target Credential Issues by Authentication Protocol - Insufficient Privilege","199.123.89.11","","va.ft_belvoir-0008.erdc-grl.erdc - v4","","DESKTOP-8V6TRCF\DESKTOP-8V6TRCF"
"21745","Authentication Failure - Local Checks Not Run","199.123.89.35","","va.ft_belvoir-0008.erdc-grl.erdc - v4","","AGECLEA-WV-5741\AGECLEA-WV-5741"
"110385","Target Credential Issues by Authentication Protocol - Insufficient Privilege","199.123.89.35","","va.ft_belvoir-0008.erdc-grl.erdc - v4","","AGECLEA-WV-5741\AGECLEA-WV-5741"
"21745","Authentication Failure - Local Checks Not Run","199.123.89.66","","va.ft_belvoir-0008.erdc-grl.erdc - v4","",""
"102094","SSH Commands Require Privilege Escalation","199.123.89.66","","va.ft_belvoir-0008.erdc-grl.erdc - v4","",""
"110385","Target Credential Issues by Authentication Protocol - Insufficient Privilege","199.123.89.66","","va.ft_belvoir-0008.erdc-grl.erdc - v4","",""
"21745","Authentication Failure - Local Checks Not Run","199.123.89.81","","va.ft_belvoir-0008.erdc-grl.erdc - v4","",""
"104410","Target Credential Status by Authentication Protocol - Failure for Provided Credentials","199.123.89.81","","va.ft_belvoir-0008.erdc-grl.erdc - v4","",""
"21745","Authentication Failure - Local Checks Not Run","199.123.89.90","","va.ft_belvoir-0008.erdc-grl.erdc - v4","","DCGSA\3255-AD"
"104410","Target Credential Status by Authentication Protocol - Failure for Provided Credentials","199.123.89.90","","va.ft_belvoir-0008.erdc-grl.erdc - v4","","DCGSA\3255-AD"
"102094","SSH Commands Require Privilege Escalation","199.123.89.150","00:50:56:aa:61:1d","va.ft_belvoir-0008.erdc-grl.erdc - v4","",""
"110385","Target Credential Issues by Authentication Protocol - Insufficient Privilege","199.123.89.150","00:50:56:aa:61:1d","va.ft_belvoir-0008.erdc-grl.erdc - v4","",""
"21745","Authentication Failure - Local Checks Not Run","199.123.89.183","","va.ft_belvoir-0008.erdc-grl.erdc - v4","",""
"104410","Target Credential Status by Authentication Protocol - Failure for Provided Credentials","199.123.89.183","","va.ft_belvoir-0008.erdc-grl.erdc - v4","",""
"21745","Authentication Failure - Local Checks Not Run","199.123.89.200","","va.ft_belvoir-0008.erdc-grl.erdc - v4","",""
"102094","SSH Commands Require Privilege Escalation","199.123.89.200","","va.ft_belvoir-0008.erdc-grl.erdc - v4","",""
"110385","Target Credential Issues by Authentication Protocol - Insufficient Privilege","199.123.89.200","","va.ft_belvoir-0008.erdc-grl.erdc - v4","",""
"21745","Authentication Failure - Local Checks Not Run","206.37.252.243","","va.ft_belvoir-0008.erdc-grl.erdc - v4","",""
"104410","Target Credential Status by Authentication Protocol - Failure for Provided Credentials","206.37.252.243","","va.ft_belvoir-0008.erdc-grl.erdc - v4","",""
